category,MAPE,WAPE
Beverages,95.49080831606,55.132633051378036
Dairy,89.97653916428254,52.44972367468698
Grocery,86.74335524623064,51.26367839112545
Home Care,81.13275637651165,65.12311584648826
Personal Care,85.49310932874427,62.53194231495679
Snacks,93.80131968026669,53.96630853711116
